{
  "AWSTemplateFormatVersion": "2010-09-09",
  "Description": "Creates a lambda to rebalance ECS tasks",
  "Parameters": {
    "WebACLStackName": {
      "Type": "String",
      "Description": "Name of the stack that deploys the WebACL associated with the web server elb."
    },
    "LogS3BucketName": {
      "Type": "String",
      "Description": "Name of the S3 bucket where waf logs will be stored."
    },
    "LogPeriod": {
      "Type": "Number",
      "Description": "Log collection period."
    }
  },
  "Resources": {
    "LambdaExecutionRole": {
      "Type": "AWS::IAM::Role",
      "Properties": {
        "AssumeRolePolicyDocument": {
          "Version": "2012-10-17",
          "Statement": [{ "Effect": "Allow", "Principal": {"Service": ["lambda.amazonaws.com"]}, "Action": ["sts:AssumeRole"] }]
        },
        "Path": "/",
        "Policies": [{
          "PolicyName": "root",
          "PolicyDocument": {
            "Version": "2012-10-17",
            "Statement": [
              {
                "Sid": "CloudWatchEventsFullAccess",
                "Effect": "Allow",
                "Action": "events:*",
                "Resource": "*"
              },
              {
                "Sid": "IAMPassRoleForCloudWatchEvents",
                "Effect": "Allow",
                "Action": "iam:PassRole",
                "Resource": "arn:aws:iam::*:role/AWS_Events_Invoke_Targets"
              },
              {
                "Action": [
                  "sns:*"
                ],
                "Effect": "Allow",
                "Resource": "*"
              }
            ]
          }
        }]
      }
    },
    "LambdaFunction": {
      "Type": "AWS::Lambda::Function",
      "Properties": {
        "Handler": "index.handler",
        "Role": { "Fn::GetAtt" : ["LambdaExecutionRole", "Arn"] },
        "Code": {
          "S3Bucket": "wad-ancestry",
          "S3Key": "ecs-task-rebalancer.zip"
        },
        "Runtime": "nodejs4.3",
        "Timeout": "30",
        "TracingConfig": {
          "Mode": "Active"
        },
        "Environment": {
          "Variables": {
            "LOGS3BUCKET": {
              "Ref": "LogS3BucketName"
            }
          }
        }
      }
    },
    "ScheduledRule": {
      "Type": "AWS::Events::Rule",
      "Properties": {
        "Description": "Trigger on ECS Container Instance State Change",
        "EventPattern": {
          "source": [
            "aws.ecs"
          ],
          "detail-type": [
            "ECS Container Instance State Change"
          ],
          "detail": {
            "clusterArn": [
              "arn:aws:ecs:us-east-1:555360056434:cluster/default"
            ]
          }
        },
        "State": "ENABLED",
        "Targets": [{
          "Arn": { "Fn::GetAtt": ["LambdaFunction", "Arn"] },
          "Id": "TargetFunctionV1"
        }]
      }
    },
    "PermissionForEventsToInvokeLambda": {
      "Type": "AWS::Lambda::Permission",
      "Properties": {
        "FunctionName": { "Ref": "LambdaFunction" },
        "Action": "lambda:InvokeFunction",
        "Principal": "events.amazonaws.com",
        "SourceArn": { "Fn::GetAtt": ["ScheduledRule", "Arn"] }
      }
    }
  }
}